{
  "baseline": {
    "Accuracy": 0.7375,
    "F1": 0.0,
    "ROC-AUC": 0.5
  },
  "logistic_regression": {
    "Accuracy": 0.8088888888888889,
    "F1": 0.544973544973545,
    "ROC-AUC": 0.791725704720055
  },
  "tree_reg": {
    "Accuracy": 0.8341666666666666,
    "F1": 0.6506729081334114,
    "ROC-AUC": 0.8427692583624786
  },
  "RandomForest": {
    "Accuracy": 0.8927777777777778,
    "F1": 0.7623152709359606,
    "ROC-AUC": 0.9294122101655058
  },
  "HistGradientBoosting": {
    "Accuracy": 0.9136111111111112,
    "F1": 0.8217765042979943,
    "ROC-AUC": 0.9294213772556523
  },
  "Stacking": {
    "Accuracy": 0.9180555555555555,
    "F1": 0.8358375069560379,
    "ROC-AUC": 0.9294122101655058
  }
}