{
  "dt_1": {
    "K-means": {
      "Метрики для k": 2,
      "Silhouette": 0.5216395622404242,
      "Davies-Bouldin": 0.6853295219054459,
      "Calinski-Harabasz": 11786.95462267153
    },
    "Agglomerative": {
      "Метрики для k": 2,
      "Silhouette": 0.5216395622404242,
      "Davies-Bouldin": 0.6853295219054459,
      "Calinski-Harabasz": 11786.95462267153
    },
    "DBSCAN": {
      "metrics": {
        "silhouette": 0.5216395622404242,
        "davies_bouldin": 0.6853295219054459,
        "calinski_harabasz": 11786.95462267153
      },
      "n_clusters": 2,
      "noise_frac": 0.0,
      "n_non_noise": 12000
    }
  },
  "dt_2": {
    "K-means": {
      "Метрики для k": 2,
      "Silhouette": 0.3068610017701601,
      "Davies-Bouldin": 1.3234721699867644,
      "Calinski-Harabasz": 3573.3933329348392
    },
    "DBSCAN": {
      "metrics": {
        "silhouette": null,
        "davies_bouldin": null,
        "calinski_harabasz": null
      },
      "n_clusters": 1,
      "noise_frac": 0.0,
      "n_non_noise": 8000
    }
  },
  "dt_4": {
    "K-means": {
      "Метрики для k": 7,
      "Silhouette": 0.36805814125837505,
      "Davies-Bouldin": 1.7108228373873862,
      "Calinski-Harabasz": 4558.868099573835
    },
    "DBSCAN": {
      "metrics": {
        "silhouette": 0.42545663620108154,
        "davies_bouldin": 1.0049214984728954,
        "calinski_harabasz": 5390.375100444905
      },
      "n_clusters": 6,
      "noise_frac": 0.0082,
      "n_non_noise": 9918
    }
  }
}